kd_nr,first_name,last_name,birthday,gender,street,zipcode,city,phone,mobil,email
1,Franziska,Krueger,3/25/2014,female,Budapester Straße 59,54612,Wawern,06501 97 64 90,,FranziskaKrueger@superrito.com
2,Sophia,Meyer,3/30/1980,female,Schillerstrasse 21,85414,Kirchdorf,08166 71 37 36,,SophiaMeyer@cuvox.de
3,Silke,Schreiner,8/18/2008,female,Waldowstr. 42,73495,Stödtlen,07961 43 97 94,,SilkeSchreiner@rhyta.com
4,Sara,Frei,11/19/1999,female,Michaelkirchstr. 67,31712,Niedernwöhren,05721 93 25 62,,SaraFrei@jourrapide.com
5,Felix,Freytag,10/4/1980,male,Fugger Strasse 69,56068,Koblenz Altstadt,0261 24 16 70,,FelixFreytag@rhyta.com
6,Frank,Reinhard,7/18/1996,male,Heiligengeistbrücke 44,91595,Burgoberbach,09805 60 65 41,,FrankReinhard@rhyta.com
7,Michelle,Fischer,8/15/1997,female,Rudower Chaussee 2,23517,Lübeck,01805 91 27 27,,MichelleFischer@rhyta.com
8,Bernd,Fink,1/26/2012,male,Sömmeringstr. 39,75056,Sulzfeld,07269 20 50 94,,BerndFink@gustr.com
9,Brigitte,Hoch,11/15/1985,female,Feldstrasse 49,39596,Altenzaun,039394 19 07,,BrigitteHoch@teleworm.us
10,Kevin,Faber,7/5/2016,male,Budapester Strasse 43,26901,Rastorf,04303 83 98 33,,KevinFaber@superrito.com
11,Lea,Bieber,9/6/2001,female,Invalidenstrasse 56,67435,Neustadt an der Weinstraße Geinsheim,06321 65 35 84,,LeaBieber@fleckens.hu
12,Anja,Schneider,4/9/1979,female,Leipziger Straße 96,34281,Gudensberg,05603 75 22 78,,AnjaSchneider@jourrapide.com
13,Katharina,Holtzmann,8/2/2000,female,Hardenbergstraße 92,66919,Schauerberg,06375 61 07 60,,KatharinaHoltzmann@einrot.com
14,Karolin,Schröder,3/22/1977,female,Schoenebergerstrasse 1,8363,Glauchau,03763 47 09 83,,KarolinSchroder@cuvox.de
15,Doreen,Gaertner,8/11/2018,female,Flotowstr. 94,9514,Lengefeld,03464 91 10 54,,DoreenGaertner@armyspy.com
16,Jonas,Kohl,8/18/1978,male,Mellingburgredder 20,91063,Herzogenaurach,09132 77 46 84,,JonasKohl@dayrep.com
17,Doreen,Weiss,7/16/1984,female,Augsburger Straße 64,58456,Witten Herbede,02302 17 83 89,,DoreenWeiss@superrito.com
18,Karolin,Schwarz,1/28/1977,female,Prenzlauer Allee 38,4181,Leipzig,0341 41 43 47,,KarolinSchwarz@dayrep.com
19,Niklas,Metzger,8/17/2010,male,Ufnau Strasse 54,87736,Böhen,08338 66 90 82,,NiklasMetzger@teleworm.us
20,Sophia,Zweig,2/8/1977,female,Boxhagener Str. 30,20249,Hamburg Hoheluft-Ost,040 74 76 54,,SophiaZweig@jourrapide.com
21,Jens,Schulz,8/14/1987,male,Kastanienallee 63,24793,Bargstedt,04875 18 00 45,,JensSchulz@rhyta.com
22,Yvonne,Hertz,6/16/2005,female,Kieler Strasse 54,94116,Hutthurm,08582 96 05 87,,YvonneHertz@armyspy.com
23,Wolfgang,Vogel,4/21/1993,male,Luebecker Strasse 53,96199,Zapfendorf,09547 75 21 66,,WolfgangVogel@jourrapide.com
24,Sara,Beike,1/25/2010,female,Adenauerallee 98,17203,Röbel,039931 93 62,,SaraBeike@rhyta.com
25,Monika,Farber,2/28/1983,female,Rudower Chaussee 1,23560,Lübeck,01805 96 26 38,,MonikaFarber@jourrapide.com
26,Ralf,Schweitzer,1/13/1997,male,Rudolstaedter Strasse 14,63815,Elsenfeld,06022 44 03 69,,RalfSchweitzer@gustr.com
27,Florian,Baer,4/9/2000,male,Invalidenstrasse 31,36100,Petersberg,06334 85 15 13,,FlorianBaer@cuvox.de
28,Tanja,Fink,8/26/2000,female,Lietzenburger Straße 18,29579,Emmendorf,05875 34 32 98,,TanjaFink@armyspy.com
29,Monika,Lange,7/11/1980,female,Grosse Praesidenten Str. 52,64678,Lindenfels,06254 61 31 33,,MonikaLange@dayrep.com
30,Katharina,Waechter,6/24/2017,female,Heiligengeistbrücke 97,97211,Uffenheim,09842 79 37 60,,KatharinaWaechter@teleworm.us
31,Melanie,Bergmann,4/5/1987,female,Brandenburgische Strasse 19,76833,Frankweiler,06345 46 03 36,,MelanieBergmann@gustr.com
32,Jörg,Ziegler,6/25/1994,male,Sonnenallee 54,86152,Augsburg,0821 83 28 57,,JorgZiegler@teleworm.us
33,Dominik,Lange,3/7/1998,male,Koepenicker Str. 66,55774,Baumholder,06783 66 45 70,,DominikLange@teleworm.us
34,Sabine,Pfeifer,4/25/2016,female,Schoenebergerstrasse 77,8321,Zschorlau,03771 73 66 01,,SabinePfeifer@einrot.com
35,Mario,Neumann,2/12/2015,male,Charlottenstrasse 10,1317,Dresden,0351 33 73 67,,MarioNeumann@superrito.com
36,Felix,Gerste,11/3/1977,male,Mohrenstrasse 86,72358,Dormettingen,07427 82 68 87,,FelixGerste@teleworm.us
37,Lea,Maur,5/31/1993,female,Joachimstaler Str. 89,56290,Uhler,06762 44 67 82,,LeaMaur@dayrep.com
38,Lea,Hirsch,1/12/1987,female,Paul-Nevermann-Platz 5,97528,Sulzdorf,09763 39 03 10,,LeaHirsch@gustr.com
39,Christina,Kruger,10/6/1984,female,Rankestraße 23,85284,Geisenfeld,08443 63 81 93,,ChristinaKruger@rhyta.com
40,Karolin,Herrmann,9/23/1978,female,Am Borsigturm 42,41464,Neuss Pomona,02137 96 14 20,,KarolinHerrmann@superrito.com
41,Sara,Schröder,10/24/1982,female,Inge Beisheim Platz 33,25342,Glückstadt,04124 76 44 26,,SaraSchroder@gustr.com
42,Anja,Hartmann,1/12/1987,female,Pasewalker Straße 43,76530,Baden-Baden Ebersteinburg,07221 75 19 26,,AnjaHartmann@gustr.com
43,Leah,Kappel,10/21/1998,female,Holstenwall 72,6902,Bad Schmiedeberg,034925 31 20,,LeahKappel@jourrapide.com
44,Doreen,Dreher,2/9/1980,female,Lange Strasse 76,81806,München,089 30 11 34,,DoreenDreher@jourrapide.com
45,Kerstin,Schroeder,2/24/1995,female,Alt Reinickendorf 17,86381,Krumbach,08283 38 10 24,,KerstinSchroeder@jourrapide.com
46,Torsten,Blau,4/10/2004,male,Augsburger Strasse 52,57520,Emmerzhausen,02743 54 21 12,,TorstenBlau@armyspy.com
47,Sabrina,Himmel,4/29/1992,female,Boxhagener Str. 5,22087,Hamburg Hamm-Nord,040 95 06 64,,SabrinaHimmel@dayrep.com
48,Julia,Rothstein,10/15/2000,female,Rathausstrasse 94,90768,Fürth,0911 27 28 07,,JuliaRothstein@jourrapide.com
49,Tom,Drescher,1/11/1998,male,Invalidenstrasse 57,67454,Haßloch,06324 57 39 49,,TomDrescher@jourrapide.com
50,Stefanie,Dresdner,12/31/2011,female,Luetzowplatz 60,54662,Philippsheim,06565 93 80 39,,StefanieDresdner@teleworm.us
51,Dennis,Theiss,8/31/2005,male,Mellingburgredder 31,90505,Zirndorf,09127 91 33 47,,DennisTheiss@cuvox.de
52,Sebastian,Freud,5/12/2010,male,Paul-Nevermann-Platz 33,97412,Schweinfurt,09721 72 58 79,,SebastianFreud@rhyta.com
53,Kevin,Zimmer,3/8/1997,male,Prager Str 57,84086,Neufahrn,08165 96 93 75,,KevinZimmer@gustr.com
54,Stefanie,Fruehauf,10/30/2017,female,Rohrdamm 44,32051,Herford Stedefreund,05221 27 74 09,,StefanieFruehauf@einrot.com
55,Maria,Herrmann,9/20/2002,female,Reeperbahn 68,8427,Fraureuth,037600 23 08,,MariaHerrmann@superrito.com
56,Andrea,Walter,1/9/1996,female,Grolmanstraße 50,28757,Bremen Sankt Magnus,0421 54 14 16,,AndreaWalter@cuvox.de
57,Jessica,Müller,1/1/2014,female,Sonnenallee 78,86482,Aystetten,0821 80 29 86,,JessicaMuller@cuvox.de
58,Phillipp,Furst,7/28/1977,male,Nuernbergerstrasse 81,26931,Elsfleth,04401 66 08 00,,PhillippFurst@cuvox.de
59,Johanna,Gruenewald,11/11/1979,female,Michaelkirchstr. 56,31655,Stadthagen,05721 80 26 73,,JohannaGruenewald@jourrapide.com
60,Anne,Schulz,12/1/1992,female,Leopoldstraße 33,12526,Berlin Bohnsdorf,030 36 27 91,,AnneSchulz@einrot.com
61,Lisa,Gärtner,1/1/1979,female,Langenhorner Chaussee 40,83355,Grabenstätt,08642 67 76 17,,LisaGartner@armyspy.com
62,Kevin,Schultz,8/28/2014,male,Nuernbergerstrasse 71,22934,Bargteheide,04532 82 29 07,,KevinSchultz@armyspy.com
63,Lisa,Schuster,3/3/2012,female,Karl-Liebknecht-Strasse 30,27383,Scheeßel,04263 53 62 48,,LisaSchuster@einrot.com
64,Mathias,Engel,7/25/2003,male,Kirchenallee 49,94255,Böbrach,09921 93 48 57,,MathiasEngel@jourrapide.com
65,Jan,Oster,5/20/1987,male,Lietzenburger Strasse 60,51427,Bergisch Gladbach Kippekausen,02202 24 03 27,,JanOster@armyspy.com
66,Silke,Maier,9/25/1987,female,Augsburger Strasse 80,53520,Sierscheid,02695 32 42 63,,SilkeMaier@cuvox.de
67,Petra,Vogler,10/30/1985,female,Luebeckertordamm 12,90515,Altdorf,09187 13 02 64,,PetraVogler@teleworm.us
68,Martina,Schuhmacher,5/21/2007,female,Messedamm 15,6045,Halle,0345 42 58 47,,MartinaSchuhmacher@teleworm.us
69,Maria,Bar,2/1/1994,female,Gruenauer Strasse 57,27419,Wohnste,04169 94 38 24,,MariaBar@rhyta.com
70,Bernd,Theiss,11/25/2015,male,Eichendorffstr. 43,88047,Friedrichshafen Fischbach,07541 64 30 62,,BerndTheiss@dayrep.com
71,Frank,Barth,8/6/2007,male,Gubener Str. 28,83012,Rosenheim,08031 79 66 28,,FrankBarth@cuvox.de
72,Marko,Herrmann,10/6/1981,male,Konstanzer Strasse 80,63691,Ranstadt,06035 38 25 35,,MarkoHerrmann@dayrep.com
73,Sabine,Pabst,11/16/1996,female,Esplanade 18,93159,Sinzing,09404 33 58 57,,SabinePabst@armyspy.com
74,Anna,Himmel,12/22/1979,female,Anhalter Strasse 42,66851,Queidersbach,06371 44 20 82,,AnnaHimmel@cuvox.de
75,Lea,Pfeifer,6/15/2013,female,Joachimstaler Str. 33,56290,Gödenroth,06762 38 97 38,,LeaPfeifer@cuvox.de
76,Manuela,Klein,10/15/1979,female,Hoheluftchaussee 55,4509,Delitzsch,034202 73 69,,ManuelaKlein@gustr.com
77,Nicole,Werfel,4/22/1998,female,Kurfürstendamm 61,18003,Rostock,0381 58 71 67,,NicoleWerfel@rhyta.com
78,Robert,Ritter,2/21/2011,male,Ziegelstr. 38,94091,Rotthalmünster,08532 82 27 66,,RobertRitter@rhyta.com
79,Sandra,Mayer,11/14/1992,female,Flotowstr. 38,6514,Sangerhausen,03464 91 76 57,,SandraMayer@teleworm.us
80,Mathias,Glockner,9/20/2008,male,Alt-Moabit 90,2730,Ebersbach,03431 57 37 87,,MathiasGlockner@teleworm.us
81,Kristin,Decker,6/13/1996,female,Kurfuerstendamm 12,85540,Haar,089 66 70 15,,KristinDecker@dayrep.com
82,Christian,Friedmann,8/26/1986,male,Borstelmannsweg 77,92202,Amberg,09621 74 57 61,,ChristianFriedmann@armyspy.com
83,Paul,Weissmuller,2/14/1978,male,Landhausstraße 91,16748,Hennigsdorf,03302 73 61 82,,PaulWeissmuller@einrot.com
84,Anna,Kunze,2/10/1978,female,Büsingstrasse 63,85202,Dachau,08131 13 25 59,,AnnaKunze@superrito.com
85,Max,Schreiner,8/12/1983,male,Kurfuerstendamm 43,74078,Heilbronn Neckargartach,079 81 08 00,,MaxSchreiner@gustr.com
86,Stefan,Fuchs,1/14/1984,male,Brandenburgische Str. 29,72631,Aichtal,07127 82 14 97,,StefanFuchs@cuvox.de
87,Ute,Pfaff,11/26/2010,female,Straße der Pariser Kommune 40,48165,Münster,0251 23 49 67,,UtePfaff@jourrapide.com
88,Marina,Boehm,10/9/1987,female,Wallstrasse 42,56753,Mertloch,02654 67 15 91,,MarinaBoehm@rhyta.com
89,Bernd,Burger,12/13/1991,male,Oldesloer Strasse 72,7923,Ziegenrück,036483 39 74,,BerndBurger@dayrep.com
90,Mike,Zimmerman,8/23/2015,male,Lützowplatz 67,56769,Mannebach,06581 10 49 79,,MikeZimmerman@teleworm.us
91,Sara,Krüger,3/23/1987,female,Neuer Jungfernstieg 88,84320,Massing,08722 84 27 60,,SaraKruger@jourrapide.com
92,Bernd,Eggers,8/19/2009,male,Wallstrasse 20,56814,Wirfus,02653 25 87 90,,BerndEggers@cuvox.de
93,Kerstin,Foerster,9/16/1983,female,Esplanade 72,93067,Neutraubling,09401 71 22 34,,KerstinFoerster@gustr.com
94,Karolin,Möller,12/17/1995,female,Kantstraße 76,2992,Bernsdorf,03723 83 31 83,,KarolinMoller@einrot.com
95,Susanne,Kaufmann,5/22/2001,female,Augsburger Strasse 80,53539,Kelberg,02692 66 03 93,,SusanneKaufmann@jourrapide.com
96,Christine,Schroeder,4/24/1993,female,Lietzenburger Straße 7,29584,Himbergen,05828 47 41 74,,ChristineSchroeder@superrito.com
97,Ralph,Schmitt,2/15/2003,male,Gubener Str. 86,83657,Lenggries,08042 85 12 47,,RalphSchmitt@einrot.com
98,Tobias,Müller,3/14/1978,male,Leopoldstraße 26,10315,Berlin Friedrichsfelde,030 16 08 10,,TobiasMuller@rhyta.com
99,Marcel,Abend,1/21/2013,male,Anhalter Strasse 98,86698,Oberndorf,06362 18 39 98,,MarcelAbend@teleworm.us
100,Johanna,Friedman,6/13/1993,female,Feldstrasse 83,17495,Brüssow,039742 31 62,,JohannaFriedman@superrito.com
101,Jens,Probst,5/18/1978,male,Heinrich Heine Platz 25,99852,Gotha,03621 78 08 62,,JensProbst@teleworm.us
102,Max,Koch,7/10/1978,male,Park Str. 12,40470,Düsseldorf Rath,0211 95 77 51,,MaxKoch@superrito.com
103,Stefanie,Junker,4/12/1988,female,Mellingburgredder 85,91753,Treuchtlingen,09142 17 55 09,,StefanieJunker@rhyta.com
104,Yvonne,Kaestner,10/26/2016,female,Rosenstrasse 65,81615,München,089 30 39 30,,YvonneKaestner@jourrapide.com
105,Silke,Bach,9/9/2003,female,Leopoldstraße 72,13509,Berlin Borsigwalde,030 52 20 76,,SilkeBach@dayrep.com
106,Laura,Drescher,8/22/2005,female,Am Borsigturm 1,40885,Ratingen Lintorf,02102 90 56 99,,LauraDrescher@teleworm.us
107,Karin,Schweizer,7/24/2009,female,Storkower Strasse 92,56332,Lehmen,02605 10 91 24,,KarinSchweizer@dayrep.com
108,Matthias,Feierabend,1/5/2016,male,Guentzelstrasse 58,36272,Niederaula,06625 88 30 28,,MatthiasFeierabend@gustr.com
109,Bernd,Saenger,5/5/1992,male,Marseiller Strasse 25,86744,Hainsfarth,09082 39 01 90,,BerndSaenger@fleckens.hu
110,Phillipp,Kohl,3/5/1991,male,Büsingstrasse 59,85422,Erding,08122 27 88 40,,PhillippKohl@armyspy.com
111,Jürgen,Sommer,11/20/2006,male,Gruenauer Strasse 65,22956,Grönwohld,04154 90 99 23,,JurgenSommer@jourrapide.com
112,Sara,Freytag,12/16/1991,female,Boxhagener Str. 44,20253,Hamburg Hoheluft-West,040 72 01 79,,SaraFreytag@gustr.com
113,Kathrin,Frei,6/30/1984,female,Lange Strasse 71,66482,Zweibrücken,0170 29 88 15,,KathrinFrei@rhyta.com
114,Jörg,Vogt,3/6/2018,male,Buelowstrasse 23,56745,Volkesfeld,02655 70 76 67,,JorgVogt@armyspy.com
115,Max,Schreiner,4/15/1992,male,Am Borsigturm 48,41468,Neuss Grimlinghausen,02137 81 69 05,,MaxSchreiner@gustr.com
116,Kristin,Maur,9/18/1980,female,Gotthardstrasse 65,9023,Chemnitz,0371 17 19 20,,KristinMaur@armyspy.com
117,Klaus,Vogler,3/22/1999,male,Scharnweberstrasse 64,68307,Mannheim Sandhofen,06211 48 60 82,,KlausVogler@superrito.com
118,Stephanie,Krueger,1/7/2014,female,Gotzkowskystraße 6,46514,Schermbeck,02853 36 44 59,,StephanieKrueger@einrot.com
119,Monika,Glockner,8/23/1997,female,Hallesches Ufer 15,71131,Jettingen,07032 13 33 38,,MonikaGlockner@gustr.com
120,Jens,Frey,12/9/1997,male,Prenzlauer Allee 9,4161,Leipzig,0341 55 33 00,,JensFrey@dayrep.com
121,Andrea,Finkel,3/14/2015,female,Hermannstrasse 70,69121,Heidelberg Handschusheim,06221 85 98 01,,AndreaFinkel@einrot.com
122,Barbara,Eichel,8/9/1984,female,Park Str. 2,50767,Köln Chorweiler,0221 17 06 31,,BarbaraEichel@armyspy.com
123,Sabine,Schäfer,8/19/1987,female,Gotzkowskystraße 56,47441,Moers,02841 79 71 35,,SabineSchafer@gustr.com
124,Matthias,Luft,6/27/1986,male,Stuttgarter Platz 11,76872,Winden,02604 51 41 00,,MatthiasLuft@superrito.com
125,Kevin,Thalberg,4/12/1991,male,Flughafenstrasse 87,92714,Pleystein,09652 42 51 29,,KevinThalberg@dayrep.com
126,Jonas,Weisz,10/25/1976,male,Ufnau Strasse 57,85114,Buxheim,08331 67 59 30,,JonasWeisz@rhyta.com
127,Jörg,Reinhard,8/22/1987,male,Schmarjestrasse 77,14557,Langerwisch,033205 56 31,,JorgReinhard@teleworm.us
128,Laura,Wirtz,7/17/1997,female,Stuttgarter Platz 65,79297,Winden,02604 70 85 07,,LauraWirtz@gustr.com
129,Sven,Dietrich,10/6/2015,male,Knesebeckstrasse 6,57629,Heimborn,02688 32 56 02,,SvenDietrich@jourrapide.com
130,Angelika,Bayer,2/21/2018,female,Reeperbahn 59,97854,Steinfeld,038204 86 55,,AngelikaBayer@rhyta.com
131,Ralph,Naumann,8/22/1995,male,Rhinstrasse 78,80716,München,089 27 46 84,,RalphNaumann@superrito.com
132,Lea,Maurer,8/22/2008,female,Mohrenstrasse 25,89604,Allmendingen,07384 97 51 87,,LeaMaurer@dayrep.com
133,Jörg,Barth,9/25/2005,male,Karl-Liebknecht-Strasse 59,27321,Emtinghausen,04204 12 03 86,,JorgBarth@einrot.com
134,Marco,Frei,1/17/2009,male,Kurfürstendamm 41,17461,Greifswald,0383 84 34 02,,MarcoFrei@rhyta.com
135,Daniela,Schroeder,6/20/1985,female,Mohrenstrasse 92,88471,Laupheim,07392 83 51 09,,DanielaSchroeder@teleworm.us
136,Philipp,Gärtner,4/10/2001,male,Stresemannstr. 51,66564,Ottweiler,06858 59 34 08,,PhilippGartner@einrot.com
137,Paul,Schroder,4/22/1995,male,Gruenauer Strasse 23,21524,Brunstorf,04151 76 77 49,,PaulSchroder@rhyta.com
138,Julia,Maier,1/9/1998,female,Schaarsteinweg 72,93306,Kelheim,09441 61 35 31,,JuliaMaier@fleckens.hu
139,Patrick,Neumann,3/26/2009,male,Fasanenstrasse 7,21079,Hamburg Rönneburg,040 95 86 99,,PatrickNeumann@cuvox.de
140,Lisa,Ehrlichmann,6/26/2013,female,Eschenweg 15,7386,Krölpa,03647 80 26 37,,LisaEhrlichmann@rhyta.com
141,Bernd,Meister,7/14/2005,male,Mellingburgredder 76,91207,Lauf,09123 31 57 29,,BerndMeister@einrot.com
142,Benjamin,Dresdner,7/16/2005,male,Hardenbergstraße 3,66869,Kusel,06381 10 45 04,,BenjaminDresdner@superrito.com
143,Matthias,Schäfer,5/11/1985,male,Boxhagener Str. 9,22609,Hamburg Groß Flottbek,040 72 58 06,,MatthiasSchafer@cuvox.de
144,Yvonne,Jung,8/29/1979,female,Prenzlauer Allee 60,4165,Leipzig,0341 65 27 45,,YvonneJung@rhyta.com
145,Jan,Dietrich,5/10/2018,male,Kantstraße 4,91270,Auerbach,03721 59 47 54,,JanDietrich@superrito.com
146,Julia,Vogler,11/27/1996,female,Rhinstrasse 8,80935,München,089 14 57 85,,JuliaVogler@jourrapide.com
147,Klaudia,Decker,7/27/1978,female,Wallstrasse 28,56575,Weißenthurm,02637 16 24 04,,KlaudiaDecker@superrito.com
148,Sabrina,Konig,8/16/2008,female,Paul-Nevermann-Platz 75,97438,Werneck,09722 92 75 71,,SabrinaKonig@superrito.com
149,Ulrike,Schmidt,11/21/2017,female,Guentzelstrasse 87,36208,Wildeck,06626 25 75 36,,UlrikeSchmidt@einrot.com
150,Dieter,Friedman,8/16/1981,male,Neuer Jungfernstieg 64,84080,Laberweinting,08772 57 06 45,,DieterFriedman@cuvox.de
151,Karin,Gottlieb,2/17/1980,female,Bayreuther Strasse 76,67659,Kaiserslautern Erlenbach,063 15 96 79,,KarinGottlieb@cuvox.de
152,Christina,Eberhardt,2/10/2013,female,Jenaer Strasse 75,52393,Hürtgenwald,0172 97 97 68,,ChristinaEberhardt@fleckens.hu
153,Andreas,Hoffmann,2/21/2018,male,Leopoldstraße 34,13627,Berlin Charlottenburg,030 71 58 65,,AndreasHoffmann@dayrep.com
154,Manuela,Wechsler,10/8/2012,female,Boxhagener Str. 90,22177,Hamburg Bramfeld,040 64 73 71,,ManuelaWechsler@gustr.com
155,Johanna,Berg,2/13/1997,female,Lange Strasse 73,85572,Neubiberg,089 62 95 44,,JohannaBerg@teleworm.us
156,Sophie,Eberhart,7/27/2007,female,Stuttgarter Platz 70,56237,Caan,02601 21 14 56,,SophieEberhart@dayrep.com
157,Petra,Kirsch,1/31/2011,female,Bayreuther Strasse 89,72762,Reutlingen Innenstadt,071 22 63 28,,PetraKirsch@fleckens.hu
158,Klaudia,Barth,6/11/1998,female,Genslerstraße 68,12105,Berlin Tempelhof,030 18 02 66,,KlaudiaBarth@dayrep.com
159,Petra,Kuefer,1/25/1999,female,Heiligengeistbrücke 85,91726,Gerolfingen,09854 19 22 52,,PetraKuefer@einrot.com
160,Lisa,Fink,3/9/1976,female,Neuer Jungfernstieg 94,84134,Vilsbiburg,08741 36 58 58,,LisaFink@dayrep.com
161,Mario,Amsel,4/14/1981,male,Leopoldstraße 32,57078,Siegen,027 38 02 63,,MarioAmsel@cuvox.de
162,Sophie,Vogler,6/14/2011,female,Knesebeckstraße 91,46284,Dorsten,02369 83 70 86,,SophieVogler@superrito.com
163,Vanessa,Wolf,11/29/1977,female,Karl-Liebknecht-Strasse 94,27809,Lemwerder,04221 42 72 61,,VanessaWolf@rhyta.com
164,Philipp,Duerr,6/4/2011,male,Paul-Nevermann-Platz 65,97709,Maßbach,09733 49 26 42,,PhilippDuerr@rhyta.com
165,Sabine,Bauer,7/29/1981,female,Büsingstrasse 81,85235,Odelzhausen,08134 40 90 10,,SabineBauer@rhyta.com
166,Anke,Fruehauf,2/12/1981,female,Alt Reinickendorf 68,86486,Bonstetten,08293 97 26 62,,AnkeFruehauf@superrito.com
167,Maria,Barth,10/21/1982,female,Budapester Straße 68,54298,Igel,06501 89 32 68,,MariaBarth@dayrep.com
168,Ralph,Fischer,2/1/1979,male,Ziegelstr. 89,94550,Künzing,08543 62 32 33,,RalphFischer@gustr.com
169,Christine,Sankt,5/21/1976,female,Heinrich Heine Platz 50,99338,Angelroda,03628 38 08 12,,ChristineSankt@armyspy.com
170,Jana,Reinhard,7/15/1995,female,Rudower Chaussee 11,23508,Lübeck,01805 45 27 91,,JanaReinhard@einrot.com
171,Christian,Beike,7/8/1984,male,Koepenicker Str. 92,56341,Filsen,06773 44 04 85,,ChristianBeike@einrot.com
172,Lukas,Neumann,11/21/2016,male,Chausseestr. 36,22903,Ahrensburg,04102 59 63 22,,LukasNeumann@einrot.com
173,Daniel,Neumann,11/1/2002,male,Schoenebergerstrasse 71,21640,Neuenkirchen,03834 79 94 25,,DanielNeumann@dayrep.com
174,Dirk,Amsel,4/26/2005,male,Genterstrasse 69,24001,Kronshagen,0431 62 42 75,,DirkAmsel@jourrapide.com
175,Johanna,Friedman,3/23/1997,female,Gotzkowskystrasse 42,94518,Linden,02666 16 45 43,,JohannaFriedman@superrito.com
176,Claudia,Gerste,6/20/2000,female,Luebeckertordamm 17,92354,Velburg,09182 95 16 07,,ClaudiaGerste@jourrapide.com
177,Bernd,Schmitz,8/3/1991,male,Hollander Strasse 74,65558,Flacht,06432 12 15 51,,BerndSchmitz@teleworm.us
178,Bernd,Kirsch,12/27/1983,male,Los-Angeles-Platz 61,22809,Norderstedt,040 75 03 93,,BerndKirsch@superrito.com
179,Sara,Schaefer,10/28/2013,female,Hedemannstasse 41,72511,Bingen,07571 87 48 71,,SaraSchaefer@gustr.com
180,Peter,Koch,1/28/1990,male,Flughafenstrasse 89,92727,Waldthurn,09657 62 78 35,,PeterKoch@superrito.com
181,Jennifer,Schuster,8/6/2015,female,Fasanenstrasse 67,21077,Hamburg Rönneburg,040 71 98 73,,JenniferSchuster@einrot.com
182,Daniela,Maur,4/6/1979,female,Straße der Pariser Kommune 60,51063,Köln Mülheim,0221 45 03 25,,DanielaMaur@teleworm.us
183,Stephanie,Friedmann,4/27/2006,female,Rhinstrasse 43,81204,München,089 28 66 07,,StephanieFriedmann@gustr.com
184,Paul,Gärtner,5/12/1995,male,Kastanienallee 72,25593,Christinenthal,04892 80 23 01,,PaulGartner@gustr.com
185,Martin,Hofmann,8/12/1979,male,Am Borsigturm 2,40882,Ratingen Homberg,02102 84 44 74,,MartinHofmann@einrot.com
186,Jan,Waechter,10/10/2003,male,Borstelmannsweg 67,96261,Altenkunstadt,09572 26 46 19,,JanWaechter@einrot.com
187,Bernd,Kortig,1/31/2003,male,Luebecker Strasse 89,96191,Viereth-Trunstadt,09503 67 85 32,,BerndKortig@teleworm.us
188,Jessica,Foerster,6/20/1990,female,Pasewalker Straße 65,75173,Pforzheim Innenstadt,07231 38 36 46,,JessicaFoerster@teleworm.us
189,Jürgen,Weber,2/3/1987,male,Lietzenburger Strasse 13,51467,Bergisch Gladbach Hebborn,02202 44 47 38,,JurgenWeber@rhyta.com
190,Jonas,Ackermann,9/12/2011,male,Borstelmannsweg 20,96279,Weidhausen,09562 22 30 67,,JonasAckermann@gustr.com
191,Felix,Fruehauf,8/10/1977,male,Invalidenstrasse 66,67482,Böbingen,06327 64 64 71,,FelixFruehauf@einrot.com
192,Sabrina,Weissmuller,9/18/1979,female,Straße der Pariser Kommune 33,50739,Köln Nippes,0221 32 03 43,,SabrinaWeissmuller@superrito.com
193,Markus,Beike,9/7/1991,male,Genslerstraße 98,10777,Berlin Wilmersdorf,030 70 65 21,,MarkusBeike@dayrep.com
194,Daniela,Lange,10/27/2009,female,Brandenburgische Straße 89,10117,Berlin Mitte,030 43 00 26,,DanielaLange@rhyta.com
195,Kathrin,Mauer,8/26/1995,female,Alsterkrugchaussee 87,86729,Oettingen,09082 41 89 43,,KathrinMauer@gustr.com
196,Jörg,Krause,12/19/1999,male,Esplanade 75,93142,Maxhütte-Haidhof,09402 26 96 20,,JorgKrause@einrot.com
197,Marina,Osterhagen,10/9/2001,female,Schönwalder Allee 61,24756,Rendsburg,04331 11 81 71,,MarinaOsterhagen@armyspy.com
198,Sven,Berg,9/12/2008,male,Alt-Moabit 23,15848,Beeskow,03366 55 13 92,,SvenBerg@armyspy.com
199,Katrin,Maier,8/7/1980,female,Flughafenstrasse 26,92243,Kümmersbruck,09621 97 93 02,,KatrinMaier@gustr.com
200,Tanja,Goldschmidt,1/10/2019,female,Hermannstrasse 43,67551,Worms Horchheim,06241 66 35 49,,TanjaGoldschmidt@rhyta.com
